<?xml version="1.0" encoding="UTF-8"?>
<project-private xmlns="http://www.netbeans.org/ns/project-private/1">
    <editor-bookmarks xmlns="http://www.netbeans.org/ns/editor-bookmarks/2" lastBookmarkId="0"/>
    <open-files xmlns="http://www.netbeans.org/ns/projectui-open-files/2">
        <group>
            <file>file:/C:/Users/Jonas/Documents/GitHub/Embedded2/Projekt_Template/Projekt_Template.X/code/user.h</file>
            <file>file:/C:/Users/Jonas/Documents/GitHub/Embedded2/Projekt_Template/Projekt_Template.X/doku/Dokumentation.markdown</file>
            <file>file:/C:/Users/Jonas/Documents/GitHub/Embedded2/Projekt_Template/Projekt_Template.X/code/interrupts.c</file>
            <file>file:/C:/Users/Jonas/Documents/GitHub/Embedded2/Projekt_Template/Projekt_Template.X/code/main.c</file>
            <file>file:/C:/Users/Jonas/Documents/GitHub/Embedded2/Projekt_Template/Projekt_Template.X/code/I2C.c</file>
            <file>file:/C:/Users/Jonas/Documents/GitHub/Embedded2/Projekt_Template/Projekt_Template.X/code/UART.c</file>
            <file>file:/C:/Users/Jonas/Documents/GitHub/Embedded2/Projekt_Template/Projekt_Template.X/doku/Code%20Style.markdown</file>
            <file>file:/C:/Users/Jonas/Documents/GitHub/Embedded2/Projekt_Template/Projekt_Template.X/code/I2C.h</file>
            <file>file:/C:/Users/Jonas/Documents/GitHub/Embedded2/Projekt_Template/Projekt_Template.X/code/system.h</file>
        </group>
    </open-files>
</project-private>
